-- @formatter:off

DELETE FROM EMPLOYEE;
DELETE FROM USERGROUP;
DELETE FROM AUTHOR;
DELETE FROM LIBRARYUSER;
DELETE FROM KEYWORD;
DELETE FROM PUBLICATIONTYPE;
DELETE FROM PUBLICATION;
DELETE FROM LIBRARYSYSTEMSETTING;
DELETE FROM LIBRARYUSER_ROLE;
DELETE FROM ROLE;
DELETE FROM PUBLICATION_KEYWORD;
DELETE FROM LENDINGPROCESS;
DELETE FROM REMINDER;
DELETE FROM PUBLICATION_AUTHOR;
DELETE FROM LIBRARYEMPLOYEE_ROLE;
DELETE FROM ROLE;

INSERT INTO LIBRARYSYSTEMSETTING (ID, PARAMETERKEY, PARAMETERVALUE) VALUES(1, 'LENDING_INTERVAL_IN_DAYS', '30');
INSERT INTO LIBRARYSYSTEMSETTING (ID, PARAMETERKEY, PARAMETERVALUE) VALUES(2, 'REMINDER_INTERVAL_IN_DAYS', '7');
INSERT INTO LIBRARYSYSTEMSETTING (ID, PARAMETERKEY, PARAMETERVALUE) VALUES(3, 'MAX_REMINDER_COUNT', '3');
INSERT INTO LIBRARYSYSTEMSETTING (ID, PARAMETERKEY, PARAMETERVALUE) VALUES(4, 'MAX_EXTENSION_COUNT', '2');

INSERT INTO ROLE (ID, NAME) VALUES (-1, 'admin');
INSERT INTO ROLE (ID, NAME) VALUES (-2, 'user');

--PW: Missy
INSERT INTO LIBRARYUSER (EMAIL, FIRSTNAME, LASTNAME, STUDENTNUMBER, USERNAME, ID, PASSWORD)
VALUES ('ManuNeuer@dfb.de', 'Manuel', 'Neuer', 001, 'manu.neuer', -2,
        'b181e8ba5d55df5814d1f1d46226fa6f1dba3b98ebcec6ff51e4dba5f4e5f97f');
INSERT INTO LIBRARYUSER (EMAIL, FIRSTNAME, LASTNAME, STUDENTNUMBER, USERNAME, ID, PASSWORD)
VALUES ('EW@gmail.com', 'Estefania', 'Wollny', 002, 'estefania.wollny', -3,
        'b181e8ba5d55df5814d1f1d46226fa6f1dba3b98ebcec6ff51e4dba5f4e5f97f');
INSERT INTO LIBRARYUSER (EMAIL, FIRSTNAME, LASTNAME, STUDENTNUMBER, USERNAME, ID, PASSWORD)
VALUES ('JoeDoe@aol.com', 'Joe', 'Doe', 187, 'joe.doe', -4,
        'b181e8ba5d55df5814d1f1d46226fa6f1dba3b98ebcec6ff51e4dba5f4e5f97f');
INSERT INTO LIBRARYUSER (EMAIL, FIRSTNAME, LASTNAME, STUDENTNUMBER, USERNAME, ID, PASSWORD)
VALUES ('JK@gmail.com', 'Jens', 'Kürbis', 012, 'jens.kürbis', -5,
        'b181e8ba5d55df5814d1f1d46226fa6f1dba3b98ebcec6ff51e4dba5f4e5f97f');
INSERT INTO LIBRARYUSER (EMAIL, FIRSTNAME, LASTNAME, STUDENTNUMBER, USERNAME, ID, PASSWORD)
VALUES ('zimmer@nak.de', 'Frank', 'Zimmermann', NULL, 'zimmer', -6,
        'b181e8ba5d55df5814d1f1d46226fa6f1dba3b98ebcec6ff51e4dba5f4e5f97f');

INSERT INTO LIBRARYUSER_ROLE (LIBRARYUSER_ID, ROLES_ID) VALUES (-4, -1);
INSERT INTO LIBRARYUSER_ROLE (LIBRARYUSER_ID, ROLES_ID) VALUES (-2, -1);
INSERT INTO LIBRARYUSER_ROLE (LIBRARYUSER_ID, ROLES_ID) VALUES (-3, -2);
INSERT INTO LIBRARYUSER_ROLE (LIBRARYUSER_ID, ROLES_ID) VALUES (-5, -2);
INSERT INTO LIBRARYUSER_ROLE (LIBRARYUSER_ID, ROLES_ID) VALUES (-6, -2);

INSERT INTO PUBLICATIONTYPE (ISAUTHORREQUIRED, ISISBNREQUIRED, ISPUBLICATIONDATEREQUIRED,
                             ISPUBLISHERREQUIRED, PUBLICATIONTYPENAMEDE, PUBLICATIONTYPENAMEEN, ID)
VALUES (TRUE, TRUE, TRUE, TRUE, 'Buch', 'Book', -2);
INSERT INTO PUBLICATIONTYPE (ISAUTHORREQUIRED, ISISBNREQUIRED, ISPUBLICATIONDATEREQUIRED
    ISPUBLISHERREQUIRED, PUBLICATIONTYPENAMEDE, PUBLICATIONTYPENAMEEN, ID)
VALUES (TRUE, FALSE, TRUE, TRUE, 'Zeitung', 'Newspaper', -3);
INSERT INTO PUBLICATIONTYPE (ISAUTHORREQUIRED, ISISBNREQUIRED, ISPUBLICATIONDATEREQUIRED,
                             ISPUBLISHERREQUIRED, PUBLICATIONTYPENAMEDE, PUBLICATIONTYPENAMEEN, ID)
VALUES (TRUE, FALSE, FALSE, FALSE, 'Graue Literatur', 'Grey literature', -4);
INSERT INTO PUBLICATIONTYPE (ISAUTHORREQUIRED, ISISBNREQUIRED, ISPUBLICATIONDATEREQUIRED,
                             ISPUBLISHERREQUIRED, PUBLICATIONTYPENAMEDE, PUBLICATIONTYPENAMEEN, ID)
VALUES (TRUE, FALSE, TRUE, TRUE, 'Fachartikel', 'Paper', -5);
INSERT INTO PUBLICATIONTYPE (ISAUTHORREQUIRED, ISISBNREQUIRED, ISPUBLICATIONDATEREQUIRED,
                             ISPUBLISHERREQUIRED, PUBLICATIONTYPENAMEDE, PUBLICATIONTYPENAMEEN, ID)
VALUES (TRUE, FALSE, TRUE, TRUE, 'Konferenzpapier', 'Conference paper', -6);

INSERT INTO KEYWORD (ID, VALUEDE, VALUEEN) VALUES (-2, 'Informatik', 'Computer Science');
INSERT INTO KEYWORD (ID, VALUEDE, VALUEEN) VALUES (-3, 'Deutsch', 'German');
INSERT INTO KEYWORD (ID, VALUEDE, VALUEEN) VALUES (-4, 'Wirtschaftsinformatik', 'Business Informatics');
INSERT INTO KEYWORD (ID, VALUEDE, VALUEEN) VALUES (-5, 'Philosophie', 'Philosophy');
INSERT INTO KEYWORD (ID, VALUEDE, VALUEEN) VALUES (-6, 'Physik', 'Physics');

INSERT INTO PUBLICATION (AVAILABLESTOCK, TOTALSTOCK, ISBN, LOSTAMOUNT,
                         PUBLICATIONDATE, PUBLICATIONTYPE_ID, PUBLISHER, TITLE, ID, INTERNALID)
VALUES(10, 10, ' 978-352-772-099-6', 0, '2023-04-19', -2, 'Wiley-VCH',
       'Künstliche Intelligenz für Dummies', -2, 'KI 1');
INSERT INTO PUBLICATION (AVAILABLESTOCK, TOTALSTOCK, ISBN, LOSTAMOUNT,
                         PUBLICATIONDATE, PUBLICATIONTYPE_ID, PUBLISHER, TITLE, ID, INTERNALID)
VALUES(1, 2, ' 978-376-431-341-8', 0, '1982-01-01', -2, 'Birkhäuser', 'Die Seele einer neuen Maschine', -3, 'Informatik 1');
INSERT INTO PUBLICATION (AVAILABLESTOCK, TOTALSTOCK, ISBN, LOSTAMOUNT,
                         PUBLICATIONDATE, PUBLICATIONTYPE_ID, PUBLISHER, TITLE, ID, INTERNALID)
VALUES(0, 1, '978-3-642-53168-2', 0, '1961-07-03', -2, 'Springer Berlin',
       'Automat und Mensch', -4, 'Informatik 2');
INSERT INTO PUBLICATION (AVAILABLESTOCK, TOTALSTOCK, ISBN, LOSTAMOUNT,
                         PUBLICATIONDATE, PUBLICATIONTYPE_ID, PUBLISHER, TITLE, ID, INTERNALID)
VALUES(8, 10, '978-3-662-53665-0', 0, '2017-07-18', -2, 'Springer Berlin',
       'Dem Computer ins Hirn geschaut!', -5, 'Informatik 3');
INSERT INTO PUBLICATION (AVAILABLESTOCK, TOTALSTOCK, LOSTAMOUNT,
                         , PUBLICATIONTYPE_ID, TITLE, ID, INTERNALID)
VALUES(8, 100, 0, -4, 'Konzipierung eines Dashboards, dem sogenannten Cockpit-Chart zum regelmäßigen Reporten der Funktionalität und Qualität der CIP-Systemlandschaft.',
       -8, 'Informatik 4');
INSERT INTO PUBLICATION (AVAILABLESTOCK, TOTALSTOCK, LOSTAMOUNT,
    , PUBLICATIONTYPE_ID, TITLE, ID, INTERNALID)
VALUES(6, 15, 0, -2, 'Clean Code - Refactoring, Patterns, Testen und Techniken für sauberen Code: Deutsche Ausgabe Broschiert ',
       -7, 'Informatik 5');
INSERT INTO PUBLICATION (AVAILABLESTOCK, TOTALSTOCK, LOSTAMOUNT,
                         PUBLICATIONDATE, PUBLICATIONTYPE_ID, PUBLISHER, TITLE, ID, INTERNALID)
VALUES(5, 16, 0, '2020-08-03', -2, 'Pearson',
       'Informatik - Praxislehrbuch für Schule, Ausbildung und Studium', -6, 'Informatik 4');
INSERT INTO PUBLICATION (AVAILABLESTOCK, TOTALSTOCK, LOSTAMOUNT,
                         PUBLICATIONDATE, PUBLICATIONTYPE_ID, PUBLISHER, TITLE, ID, INTERNALID)
VALUES(4, 15, 0, '2019-11-19', -7, 'Perry das Schnabeltier',
       'I want to be the very best', -9, 'Quatsch 1');

INSERT INTO PUBLICATION_KEYWORD (PUBLICATION_ID, KEYWORDS_ID) VALUES (-2,-2);
INSERT INTO PUBLICATION_KEYWORD (PUBLICATION_ID, KEYWORDS_ID) VALUES (-3,-2);
INSERT INTO PUBLICATION_KEYWORD (PUBLICATION_ID, KEYWORDS_ID) VALUES (-4,-2);
INSERT INTO PUBLICATION_KEYWORD (PUBLICATION_ID, KEYWORDS_ID) VALUES (-5,-2);

INSERT INTO LENDINGPROCESS
(ID,ACTUALRETURNDATE,EXTENSIONCOUNT,ISLOST,ISRETURNED,LENDINGDATE,PLANNEDRETURNDATE,LIBRARYUSER_ID,PUBLICATION_ID)

VALUES (-2,NULL,0,FALSE,FALSE, DATEADD(day, -29, CURRENT_TIMESTAMP()),
        DATEADD(hour, 23, DATEADD(minute, 59, DATEADD(second, 59, DATEADD(day, 1, CURRENT_DATE())))),-3,-3);


INSERT INTO LENDINGPROCESS
(ID,ACTUALRETURNDATE,EXTENSIONCOUNT,ISLOST,ISRETURNED,LENDINGDATE,PLANNEDRETURNDATE,LIBRARYUSER_ID,PUBLICATION_ID)
VALUES (-3,NULL,0,FALSE,FALSE,TIMESTAMP '2023-09-01 12:00:00.111000',TIMESTAMP '2023-10-01 23:59:59.999000',-2,-2);

INSERT INTO REMINDER (ID,DATE,LENDINGPROCESSID)
VALUES
(-1,DATE '2022-10-07',-3),
(-2,DATE '2022-10-14',-3);

INSERT INTO AUTHOR (ID, FIRSTNAME, LASTNAME) VALUES (-2, 'Ralf', 'Otte');
INSERT INTO AUTHOR (ID, FIRSTNAME, LASTNAME) VALUES (-3, 'Tracy', 'Kidder');
INSERT INTO AUTHOR (ID, FIRSTNAME, LASTNAME) VALUES (-4, 'Karl', 'Steinbuch');
INSERT INTO AUTHOR (ID, FIRSTNAME, LASTNAME) VALUES (-5, 'Eckart', 'Zitzler');
INSERT INTO AUTHOR (ID, FIRSTNAME, LASTNAME) VALUES (-6, 'Rainer', 'Hattenhauer');
INSERT INTO AUTHOR (ID, FIRSTNAME, LASTNAME) VALUES (-7, 'Robert C.', 'Martin');
INSERT INTO AUTHOR (ID, FIRSTNAME, LASTNAME) VALUES (-8, 'Max', 'Schwichtenberg');

INSERT INTO PUBLICATION_AUTHOR (PUBLICATION_ID, AUTHOR_ID) VALUES (-2,-2);
INSERT INTO PUBLICATION_AUTHOR (PUBLICATION_ID, AUTHOR_ID) VALUES (-3,-3);
INSERT INTO PUBLICATION_AUTHOR (PUBLICATION_ID, AUTHOR_ID) VALUES (-4,-4);
INSERT INTO PUBLICATION_AUTHOR (PUBLICATION_ID, AUTHOR_ID) VALUES (-5,-5);
INSERT INTO PUBLICATION_AUTHOR (PUBLICATION_ID, AUTHOR_ID) VALUES (-6,-6);
INSERT INTO PUBLICATION_AUTHOR (PUBLICATION_ID, AUTHOR_ID) VALUES (-7,-7);
INSERT INTO PUBLICATION_AUTHOR (PUBLICATION_ID, AUTHOR_ID) VALUES (-8,-8);